{
  "losses": [
    0.5280542917934382,
    0.2853815710880387,
    0.22606579518653977,
    0.1897355662265294,
    0.16641704587729325,
    0.15476498752832413,
    0.15421033496727965,
    0.15222465176957314,
    0.14747349592581602,
    0.1451286568957875,
    0.14697090837177537,
    0.1490032983148042,
    0.15061082575522677,
    0.14776066393359727,
    0.15201232445911622,
    0.15133766861448825,
    0.15054385035250667,
    0.15087086459000906,
    0.15388256902565978,
    0.15120729202395874,
    0.14727985446162067,
    0.14852756810999812,
    0.14955673233863892,
    0.1498855559478903,
    0.15341038116966615,
    0.1475476117830881,
    0.15152836090802027,
    0.15428799558693254,
    0.14947632297943456,
    0.15219501773236502,
    0.14967403148121677,
    0.1521366569147983,
    0.15436175577517405,
    0.15243779269742294,
    0.15122865021508625,
    0.15228466864482898,
    0.1515284283480174,
    0.15655656589168898,
    0.15367277603194188,
    0.15553072154382025,
    0.15018214621174503,
    0.1547943300834284,
    0.14978224322409697,
    0.1542078588210361,
    0.15087135804231178,
    0.15023960939175646,
    0.15076218601403663,
    0.14987333727554536,
    0.15017440379925176,
    0.15235489655828252,
    0.15498869065107873,
    0.14961021491479426,
    0.150950421190038,
    0.15366468221788676,
    0.15514697855067366,
    0.15261891841048925,
    0.1524469964381115,
    0.1502742722910335,
    0.15032503194232502,
    0.15310846409047713
  ],
  "metrics": {
    "both": {
      "optimistic": {
        "adjusted_arithmetic_mean_rank": 0.09746692867806026,
        "adjusted_arithmetic_mean_rank_index": 0.9026490255557439,
        "adjusted_geometric_mean_rank_index": 0.9776896880169639,
        "adjusted_hits_at_k": 0.1559585706211941,
        "adjusted_inverse_harmonic_mean_rank": 0.05758578138309147,
        "arithmetic_mean_rank": 758.734073856113,
        "count": 27188.0,
        "geometric_mean_rank": 128.576649892433,
        "harmonic_mean_rank": 17.18002747476119,
        "hits_at_1": 0.005296454318081506,
        "hits_at_10": 0.15650286891275564,
        "hits_at_3": 0.06528615565690746,
        "hits_at_5": 0.09938208032955716,
        "inverse_arithmetic_mean_rank": 0.0013179848308613603,
        "inverse_geometric_mean_rank": 0.007777461932913932,
        "inverse_harmonic_mean_rank": 0.05820712460844889,
        "inverse_median_rank": 0.006711409395973154,
        "median_absolute_deviation": 212.01211724630107,
        "median_rank": 149.0,
        "standard_deviation": 1569.2777279504405,
        "variance": 2462632.587441297,
        "z_arithmetic_mean_rank": 257.40258568978203,
        "z_geometric_mean_rank": 161.4701192595478,
        "z_hits_at_k": 1012.3296159065172,
        "z_inverse_harmonic_mean_rank": 923.2315107393626
      },
      "pessimistic": {
        "adjusted_arithmetic_mean_rank": 0.09746704207508851,
        "adjusted_arithmetic_mean_rank_index": 0.9026489121441468,
        "adjusted_geometric_mean_rank_index": 0.9776896452987617,
        "adjusted_hits_at_k": 0.1559585706211941,
        "adjusted_inverse_harmonic_mean_rank": 0.05758576743824413,
        "arithmetic_mean_rank": 758.7349565984994,
        "count": 27188.0,
        "geometric_mean_rank": 128.57689416714962,
        "harmonic_mean_rank": 17.180031587916865,
        "hits_at_1": 0.005296454318081506,
        "hits_at_10": 0.15650286891275564,
        "hits_at_3": 0.06528615565690746,
        "hits_at_5": 0.09938208032955716,
        "inverse_arithmetic_mean_rank": 0.0013179832974654561,
        "inverse_geometric_mean_rank": 0.00777744715702965,
        "inverse_harmonic_mean_rank": 0.05820711067279553,
        "inverse_median_rank": 0.006711409395973154,
        "median_absolute_deviation": 212.01211724630107,
        "median_rank": 149.0,
        "standard_deviation": 1569.2785833568491,
        "variance": 2462635.2721824795,
        "z_arithmetic_mean_rank": 257.40255334893027,
        "z_geometric_mean_rank": 161.47011220443278,
        "z_hits_at_k": 1012.3296159065172,
        "z_inverse_harmonic_mean_rank": 923.2312871716318
      },
      "realistic": {
        "adjusted_arithmetic_mean_rank": 0.09746698304412818,
        "adjusted_arithmetic_mean_rank_index": 0.9026489711826912,
        "adjusted_geometric_mean_rank_index": 0.9776896622062528,
        "adjusted_hits_at_k": 0.1559585706211941,
        "adjusted_inverse_harmonic_mean_rank": 0.05758577751846873,
        "arithmetic_mean_rank": 758.7344970703125,
        "count": 27188.0,
        "geometric_mean_rank": 128.57679748535156,
        "harmonic_mean_rank": 17.180028915405273,
        "hits_at_1": 0.005296454318081506,
        "hits_at_10": 0.15650286891275564,
        "hits_at_3": 0.06528615565690746,
        "hits_at_5": 0.09938208032955716,
        "inverse_arithmetic_mean_rank": 0.0013179840752854943,
        "inverse_geometric_mean_rank": 0.007777452934533358,
        "inverse_harmonic_mean_rank": 0.05820712074637413,
        "inverse_median_rank": 0.00671140942722559,
        "median_absolute_deviation": 212.01211547851562,
        "median_rank": 149.0,
        "standard_deviation": 1569.2781982421875,
        "variance": 2462634.0,
        "z_arithmetic_mean_rank": 257.4025701845702,
        "z_geometric_mean_rank": 161.47011499678564,
        "z_hits_at_k": 1012.3296159065172,
        "z_inverse_harmonic_mean_rank": 923.2314487806394
      }
    },
    "head": {
      "optimistic": {
        "adjusted_arithmetic_mean_rank": 0.13155864204357554,
        "adjusted_arithmetic_mean_rank_index": 0.8685542901181664,
        "adjusted_geometric_mean_rank_index": 0.9616923720627497,
        "adjusted_hits_at_k": 0.09915980944285728,
        "adjusted_inverse_harmonic_mean_rank": 0.03530674244382397,
        "arithmetic_mean_rank": 1011.8094012064146,
        "count": 13594.0,
        "geometric_mean_rank": 217.07392518534164,
        "harmonic_mean_rank": 27.81511356842613,
        "hits_at_1": 0.0009563042518758275,
        "hits_at_10": 0.0997498896572017,
        "hits_at_3": 0.03420626747094306,
        "hits_at_5": 0.05840812122995439,
        "inverse_arithmetic_mean_rank": 0.0009883284330108677,
        "inverse_geometric_mean_rank": 0.004606725562023085,
        "inverse_harmonic_mean_rank": 0.03595167776467875,
        "inverse_median_rank": 0.003787878787878788,
        "median_absolute_deviation": 372.13315684490607,
        "median_rank": 264.0,
        "standard_deviation": 1810.3989389948983,
        "variance": 3277544.3183138533,
        "z_arithmetic_mean_rank": 174.89746655864127,
        "z_geometric_mean_rank": 112.31405209570686,
        "z_hits_at_k": 451.5821660895161,
        "z_inverse_harmonic_mean_rank": 397.1488821492565
      },
      "pessimistic": {
        "adjusted_arithmetic_mean_rank": 0.13155882377373473,
        "adjusted_arithmetic_mean_rank_index": 0.868554108364375,
        "adjusted_geometric_mean_rank_index": 0.9616922927153855,
        "adjusted_hits_at_k": 0.09915980944285728,
        "adjusted_inverse_harmonic_mean_rank": 0.035306732082277956,
        "arithmetic_mean_rank": 1011.8107988818597,
        "count": 13594.0,
        "geometric_mean_rank": 217.07437274363141,
        "harmonic_mean_rank": 27.81512157959562,
        "hits_at_1": 0.0009563042518758275,
        "hits_at_10": 0.0997498896572017,
        "hits_at_3": 0.03420626747094306,
        "hits_at_5": 0.05840812122995439,
        "inverse_arithmetic_mean_rank": 0.0009883270677730346,
        "inverse_geometric_mean_rank": 0.004606716063996266,
        "inverse_harmonic_mean_rank": 0.03595166741005984,
        "inverse_median_rank": 0.003787878787878788,
        "median_absolute_deviation": 372.13315684490607,
        "median_rank": 264.0,
        "standard_deviation": 1810.4001807420864,
        "variance": 3277548.8144309786,
        "z_arithmetic_mean_rank": 174.89742995957312,
        "z_geometric_mean_rank": 112.31404282889321,